user_id,item_id,type_1,type_2,type_3,type_4_x,type_4_y,labels
302466,100989804,1,0,1,0,0,0
335949,92527945,1,0,0,0,0,0
335949,195408297,1,0,0,0,0,0
335949,216482060,1,0,0,0,0,0
335949,334703573,1,0,0,0,0,0
359613,109085173,1,0,0,0,0,0
454872,58727293,1,0,0,0,0,0
519693,358200376,1,0,0,0,0,0
519693,381340270,1,0,0,0,0,0
519693,394196228,1,0,0,0,0,0
595845,43350615,1,0,0,0,0,0
595845,133714740,1,0,0,0,0,0
595845,273953165,2,1,0,0,0,0
599436,80225661,2,1,0,0,0,0
599436,255402482,1,0,0,0,0,0
1107934,39335723,1,0,0,0,0,0
1133104,261943461,1,0,0,0,0,0
1133560,283190812,1,0,0,0,0,0
1246228,99915297,1,0,0,0,0,0
1246228,387835331,1,0,0,0,0,0
1382821,272447708,1,0,0,0,0,0
1383895,167489539,1,0,0,0,0,0
1591612,77438508,1,0,0,0,0,0
1616533,381565545,1,0,0,0,0,0
1812067,173915181,1,0,0,0,0,0
2090599,248633089,1,0,0,0,0,0
2109568,101117512,1,0,0,0,0,0
2137246,260090830,1,0,0,0,0,0
2292421,285187164,1,0,0,0,0,0
2354668,243932503,1,0,0,0,0,0
2437852,234550829,1,0,0,0,0,0
2462329,235868719,1,1,0,0,0,0
2903578,115842631,1,0,0,1,0,0
2998516,196343635,1,0,0,0,0,0
3033142,371150215,1,0,0,0,0,0
3151543,213933923,1,0,0,0,0,0
3258715,324705066,1,0,0,0,0,0
3285586,284393062,1,0,1,0,0,0
3311167,140772475,1,0,0,0,0,0
3320605,31988328,2,0,0,0,0,0
3320605,238432961,1,0,0,0,0,0
3320605,329563514,1,0,0,0,0,0
3376717,302598346,1,0,0,0,0,0
3434650,224311907,0,0,1,0,0,0
3581917,281044274,1,0,0,0,0,0
3633100,134419268,1,0,0,0,0,0
3633100,275754946,1,0,0,0,0,0
3906019,1578540,1,0,0,0,0,0
4045493,326720198,1,0,0,0,0,0
4121429,196870471,1,0,0,0,0,0
4182818,144220345,1,0,0,0,0,0
4209278,212029415,1,0,0,0,0,0
4239407,115907343,3,0,1,1,0,0
4435169,371221966,4,0,1,1,0,0
4547276,140584691,1,0,0,0,0,0
4564376,231519719,1,0,0,0,0,0
4564376,250401549,1,0,0,0,0,0
4843892,259700866,1,0,0,0,0,0
4843892,293446717,1,0,0,0,0,0
5008661,67289376,1,0,0,0,0,0
5008661,126325236,1,0,0,0,0,0
5008661,320325285,1,0,0,0,0,0
5193149,83832952,1,0,0,0,0,0
5193149,265320497,1,0,0,0,0,0
5208128,43990352,1,0,0,0,0,0
5305268,317254605,1,0,0,0,0,0
5352155,313532619,1,0,0,0,0,0
5360957,235910202,2,0,0,0,0,0
5436527,72796015,1,0,0,0,0,0
5708087,217386182,1,0,0,0,0,0
5770934,315583107,1,0,1,1,0,0
5778173,312328710,1,0,0,0,0,0
5803859,311703684,1,0,0,0,0,0
6107777,282386744,1,0,0,0,0,0
6107777,326886665,1,0,0,0,0,0
6107777,344720193,1,0,0,0,0,0
6107777,380791053,1,0,0,0,0,0
6135455,277439851,1,0,0,0,0,0
6224591,17833361,1,1,0,0,0,0
6224591,288996738,1,0,0,0,0,0
6228923,362644301,1,0,0,0,0,0
6407585,203886031,1,0,0,0,0,0
6534626,245517725,1,0,0,0,0,0
10176801,254026670,1,0,0,0,0,0
10672143,35743446,1,0,0,0,0,0
10710516,258094517,1,0,0,0,0,0
10713699,150314756,1,0,0,0,0,0
10823697,12234316,1,0,0,0,0,0
10823697,296592575,1,0,0,0,0,0
10832109,213600650,2,0,0,1,0,0
10874175,6909359,1,0,0,0,0,0
10874175,170560255,1,0,0,0,0,0
10935918,55280223,1,0,0,0,0,0
10991103,311518098,1,0,0,0,0,0
11293311,239300087,1,0,0,0,0,0
11525370,140138269,1,0,0,0,0,0
11525370,184163086,2,0,1,0,0,0
11525370,213487900,1,0,0,0,0,0
11525370,265281310,1,0,0,0,0,0
11884230,216934551,1,0,0,0,0,0
11962560,80136597,1,0,0,0,0,0
12073239,334361793,1,0,0,0,0,0
12133452,365658881,1,0,1,1,0,0
12361452,121932928,1,0,0,0,0,0
12361452,174405491,1,0,0,0,0,0
12409914,290180146,1,0,0,0,0,0
12409914,331552805,1,0,0,0,0,0
12409914,358477928,1,0,0,0,0,0
12409914,394809974,1,0,0,0,0,0
12496131,388836852,1,0,0,0,0,0
12506484,4753038,1,0,0,0,0,0
12506484,362823754,1,0,0,0,0,0
12513015,99370352,1,0,0,0,0,0
12523584,15543764,1,0,0,0,0,0
12546384,85970731,1,0,0,0,0,0
12546783,251579752,1,0,0,0,0,0
12550569,384212827,1,1,0,0,0,0
12578052,321697901,1,0,0,0,0,0
12578052,384952738,2,0,1,0,0,0
12661032,152770619,1,0,0,0,0,0
12661032,212361272,1,0,0,0,0,0
12661032,244596513,1,0,0,0,0,0
12661032,290240134,1,0,0,0,0,0
12712320,105146860,1,0,0,0,0,0
12712320,291394987,1,0,0,0,0,0
12712320,377408757,1,0,0,0,0,0
12821283,26718052,1,0,0,0,0,0
12853122,115243195,1,0,0,0,0,0
12952941,149912034,1,0,0,0,0,0
13108842,65482073,1,0,0,0,0,0
13108842,68608866,1,0,0,0,0,0
13108842,363661568,1,0,0,0,0,0
13168398,18107712,1,0,0,0,0,0
13254123,43340636,1,0,0,0,0,0
13254123,60035830,1,0,0,0,0,0
13254123,234661910,1,0,0,0,0,0
13324221,19822928,1,0,0,0,0,0
13324221,343305239,1,0,0,0,0,0
13332282,156043735,1,0,0,0,0,0
13355823,304821835,1,0,0,0,0,0
13461432,207844442,1,0,0,0,0,0
13461432,380992262,1,0,0,0,0,0
13465821,325793784,1,0,0,0,0,0
13505790,58727293,1,0,0,0,0,0
13678830,56910835,1,0,0,0,0,0
13678830,160673602,1,0,0,0,0,0
13698828,276672761,1,0,0,0,0,0
13706121,251854545,1,0,0,0,0,0
13709817,59092085,1,0,0,0,0,0
13722357,275742465,1,0,0,0,0,0
13745955,60949997,1,0,0,0,0,0
13745955,83208869,1,0,0,0,0,0
13872483,59963024,1,0,0,0,0,0
13872483,392933220,1,0,0,0,0,0
14199942,189990953,1,0,0,0,0,0
14199942,357117278,1,0,0,0,0,0
14281659,188139559,1,0,0,0,0,0
14333412,340047078,1,0,0,0,0,0
14528685,156675767,1,0,0,0,0,0
14528685,292696187,1,0,0,0,0,0
15098371,236463307,1,0,0,0,0,0
15100858,283643376,1,0,0,0,0,0
15277945,9601584,1,0,0,0,0,0
15280372,394591196,1,0,0,0,0,0
15389083,300703107,1,0,0,0,0,0
15425347,188837296,1,0,0,0,0,0
15426610,29693522,1,0,0,0,0,0
15506821,138970795,1,0,0,0,0,0
15560848,292804253,1,0,0,0,0,0
15573307,136075423,1,0,0,0,0,0
15573307,216810080,1,0,0,0,0,0
15670219,171192822,1,0,0,0,0,0
15732142,122233446,1,0,1,1,0,0
15765682,178314397,1,0,0,0,0,0
15811489,156079162,1,0,0,0,0,0
15845437,119690733,1,0,0,0,0,0
15915535,288785251,1,0,0,0,0,0
16084534,308104381,1,0,0,0,0,0
16088923,258307093,1,0,0,0,0,0
16096186,119254136,1,0,0,0,0,0
16195777,17177127,1,0,0,0,0,0
16266511,227351727,1,0,1,0,0,0
16331983,384020192,1,0,0,0,0,0
16334101,71757686,2,0,0,0,0,0
16334101,79702370,1,0,0,0,0,0
16334101,225215898,1,0,1,1,0,0
16334101,297628704,1,0,0,0,0,0
16334101,358829037,1,0,0,0,0,0
16586944,2664887,1,0,0,0,0,0
16599631,29177136,1,0,0,0,0,0
16698082,144739523,1,0,0,0,0,0
16715536,34585842,1,0,1,0,0,0
16974739,247243582,1,0,0,0,0,0
17083270,351054522,1,0,0,0,0,0
17201854,363244143,1,0,0,0,0,0
17283364,330719075,1,0,0,0,0,0
17479444,234895909,1,0,1,0,0,0
17504389,354595813,1,0,0,0,0,0
17529298,9700925,1,0,0,0,0,0
17562880,27583730,1,0,0,0,0,0
17562880,112797332,1,0,0,0,0,0
17703067,176118133,1,0,0,0,0,0
17703067,309269485,1,0,0,0,0,0
17715289,280379155,1,0,0,0,0,0
17809621,285113406,1,0,0,0,0,0
17906191,16726123,1,0,0,0,0,0
17906191,367054865,1,0,0,0,0,0
17968996,292451368,1,0,0,0,0,0
18026536,356969973,1,0,0,0,0,0
18119035,153523136,1,0,0,0,0,0
18176035,133551630,1,0,0,0,0,0
18246133,88201660,1,0,0,0,0,0
18382879,104452437,1,0,0,0,0,0
18387106,9681621,6,0,2,1,0,0
18496468,155438283,1,0,0,0,0,0
18689650,56750736,1,0,0,0,0,0
18689650,365319672,1,0,0,0,0,0
18761026,402381508,1,0,0,0,0,0
18816361,260537692,1,0,0,0,0,0
18818014,185406972,1,0,1,0,0,0
18959614,347962131,1,0,0,0,0,0
18967447,115732076,1,0,0,0,0,0
19000534,399827743,1,0,0,0,0,0
19061581,315583107,1,0,0,0,0,0
19231466,89021623,1,0,0,0,0,0
19231637,351610724,1,0,0,0,0,0
19294166,235723197,1,0,0,0,0,0
19345853,347877350,1,0,0,0,0,0
19371422,9352895,1,0,0,0,0,0
19371422,59925783,1,0,0,0,0,0
19371422,331157698,1,0,0,0,0,0
19402409,30136392,1,0,0,0,0,0
19402409,89085764,1,0,0,0,0,0
19467218,128390381,1,0,0,0,0,0
19498877,92440887,1,0,0,0,0,0
19518962,338961163,1,0,0,0,0,0
19531844,58651455,1,0,0,0,0,0
19542023,125666923,1,0,0,0,0,0
19542023,303916175,1,0,0,0,0,0
19542023,311685580,1,0,0,0,0,0
19545776,103965470,1,0,0,0,0,0
19620923,277041650,1,0,0,0,0,0
19725815,5526591,2,0,0,0,0,0
19725815,162561866,1,0,0,0,0,0
19842401,48833281,1,0,0,0,0,0
19891778,145534629,2,0,0,0,0,0
19903631,20285283,1,0,0,0,0,0
20020563,101679354,1,0,0,0,0,0
20026092,364301605,1,0,0,1,0,0
20140845,16119341,1,0,0,0,0,0
20170290,168757794,1,0,0,0,0,0
20241576,244902671,1,0,0,0,0,0
20306397,226795916,1,0,0,0,0,0
20473167,226068026,1,0,0,0,0,0
20512062,20766444,1,0,0,0,0,0
20512062,176822714,1,0,0,0,0,0
20611653,285918966,1,0,0,0,0,0
20611653,365148553,1,0,1,0,0,0
20652798,119391142,1,0,0,0,0,0
20652798,270728246,1,0,0,0,0,0
20667936,293681107,1,0,0,0,0,0
20670591,131571415,1,0,0,0,0,0
20716944,162277712,1,0,0,0,0,0
20859285,85133986,1,0,0,0,0,0
20859285,332830825,2,0,0,0,0,0
20859285,379997885,1,0,0,0,0,0
20908806,116136406,1,0,0,0,0,0
20908806,257234799,1,0,0,0,0,0
20908806,295392864,1,0,0,0,0,0
20908806,362674556,1,0,0,0,0,0
20988891,263340377,1,0,0,0,0,0
21147333,376704077,1,0,0,0,0,0
21232251,218945116,1,0,0,0,0,0
21279609,249493255,1,0,0,0,0,0
21279609,273844509,2,0,0,0,0,0
21326166,90693153,1,0,0,0,0,0
21348120,354843271,1,0,0,0,0,0
21415473,55010887,1,0,0,0,0,0
21446676,97335091,1,0,0,0,0,0
21499662,134532373,1,0,0,0,0,0
21500790,46165649,1,0,0,0,0,0
21500790,98473904,1,0,0,0,0,0
21615567,234225276,1,0,0,0,0,0
21624663,31091661,1,0,0,0,0,0
21624663,97661193,1,0,0,0,0,0
21624663,283874142,1,0,0,0,0,0
21628254,42671936,1,0,0,0,0,0
21737559,130557414,1,0,0,0,0,0
21823911,332707544,1,0,0,0,0,0
21827502,302117817,1,0,1,0,0,0
21845448,162955475,1,0,0,0,0,0
21904797,33953262,1,0,0,0,0,0
21950211,109169664,3,0,0,0,0,0
21950211,299322215,1,0,0,0,0,0
21980778,220772643,1,0,0,0,0,0
21980778,379682459,1,0,0,0,0,0
22099113,141710010,1,0,0,0,0,0
22099113,189105216,1,0,0,0,0,0
22099113,301116277,1,0,0,0,0,0
22104801,83005529,1,0,0,0,0,0
22194714,12699333,1,1,0,0,0,0
22221198,108082826,1,0,0,0,0,0
22346790,264381982,1,0,0,0,0,0
22388571,51936218,1,0,0,0,0,0
22388571,193690301,3,0,0,0,0,0
22388571,323774892,1,0,0,0,0,0
22514589,354289462,1,0,0,0,0,0
22738347,267948456,1,0,0,0,0,0
22757727,215894849,1,0,0,0,0,0
22782888,400071043,1,0,0,0,0,0
23010598,251863488,2,0,0,0,0,0
23051533,389228040,1,0,0,0,0,0
23251285,251091512,1,0,0,0,0,0
23344525,380215922,1,0,0,0,0,0
23380093,303708134,1,0,0,0,0,0
23421211,34920192,1,0,0,0,0,0
23625580,217127423,1,0,0,0,0,0
23654275,224504154,1,0,0,0,0,0
23656726,198001800,1,0,0,0,0,0
23688622,304000718,1,0,0,0,0,0
23688622,354604018,1,0,0,0,0,0
23722207,21387788,1,0,0,0,0,0
23730268,281571384,2,0,1,0,0,0
23745064,38014599,1,0,0,0,0,0
23787016,122173946,1,1,0,0,0,0
23787016,384463689,1,0,0,0,0,0
23891314,104146850,2,1,0,0,0,0
23891314,192613462,1,0,0,0,0,0
23891314,228109595,1,0,0,0,0,0
23926348,148212314,1,0,0,0,0,0
24028861,51946419,1,0,0,0,0,0
24284140,125033899,1,0,0,0,0,0
24284140,273820062,2,0,0,0,0,0
24357934,128139531,1,0,0,0,0,0
24357934,197215713,1,0,0,0,0,0
24547516,402657436,1,0,0,0,0,0
24587872,157654326,1,0,0,0,0,0
24642547,169155045,1,0,0,0,0,0
24642547,235685926,1,0,0,0,0,0
24702703,66594216,1,0,0,0,0,0
24702703,203711579,1,0,0,0,0,0
24870148,11494870,1,0,0,0,0,0
24870148,309930419,1,0,0,0,0,0
24942526,121025298,1,0,0,0,0,0
24942526,129985170,2,0,1,0,0,0
24942526,197874514,1,0,0,0,0,0
24942526,303213699,1,0,0,0,0,0
24942526,396322924,1,0,0,0,0,0
24979429,371338917,1,0,1,0,0,0
25554883,262441007,1,0,0,0,0,0
25556764,84217809,1,0,0,0,0,0
25963369,183342017,1,0,0,0,0,0
25963369,227098460,1,0,0,0,0,0
25963369,290447045,1,0,0,0,0,0
25963369,397645798,1,0,0,0,0,0
26201404,211845125,1,0,0,0,0,0
26225677,260895675,1,0,0,0,0,0
26401156,316962828,1,0,0,0,0,0
26532643,313748544,1,0,0,0,0,0
26601478,246301961,1,0,0,0,0,0
26633773,369928323,2,0,0,0,0,0
26923810,386685789,1,0,0,0,0,0
27020443,93362255,1,0,0,0,0,0
27020443,273052482,1,0,0,0,0,0
27152719,26913606,1,0,0,0,0,0
27184045,315310005,1,0,0,0,0,0
27262147,396122602,1,0,0,0,0,0
27358946,334725060,1,0,0,0,0,0
27367814,396123820,1,0,0,0,0,0
27380924,199665641,1,0,0,0,0,0
27458261,45670261,1,0,0,0,0,0
27458261,191349435,1,0,0,0,0,0
27458261,204192401,1,0,0,0,0,0
27460736,299957977,1,0,0,0,0,0
27460736,304377322,1,0,0,0,0,0
27504467,273660282,1,0,0,0,0,0
27579389,240588258,1,0,0,0,0,0
27739031,131689780,1,0,0,0,0,0
28001306,99292253,1,0,0,0,0,0
28027859,164666227,1,0,0,0,0,0
28047761,48736461,1,0,0,0,0,0
28047761,58498591,1,0,0,0,0,0
28189979,150905133,1,0,1,1,0,0
28189979,295559809,0,0,1,1,0,0
28228076,18500698,1,0,0,0,0,0
28228076,43587891,1,0,0,0,0,0
28228076,53425782,1,0,0,0,0,0
28363178,353857477,1,0,0,0,0,0
28562483,64957330,1,0,0,0,0,0
28562483,121297597,1,0,0,0,0,0
28646684,247366123,1,0,0,0,0,0
28699442,110701886,1,0,0,0,0,0
28699442,272161474,1,0,0,0,0,0
28710854,243736020,1,0,0,0,0,0
28721261,40863903,1,0,0,0,0,0
28740641,145894301,1,0,0,0,0,0
28830167,319789932,1,0,0,0,0,0
28832618,126902916,1,0,0,0,0,0
28851884,28133657,1,0,0,0,0,0
28865588,308586987,2,0,0,0,0,0
28992857,26195435,2,0,0,0,0,0
28992857,202135649,1,0,0,0,0,0
28992857,278460308,1,0,0,0,0,0
29026937,309411358,1,0,0,0,0,0
29029112,119818693,1,0,0,0,0,0
29029112,250847704,1,0,0,0,0,0
29204525,48826011,1,0,0,0,0,0
29271467,97486884,1,0,0,0,0,0
29421947,341690127,1,0,0,0,0,0
29495282,370176072,1,0,0,0,0,0
29518607,322160828,2,0,1,0,0,0
29548223,269850931,1,0,0,0,0,0
29580371,376055208,1,0,0,0,0,0
29699594,11671736,1,0,0,0,0,0
29699594,238602889,1,0,0,0,0,0
29810207,19946163,1,0,0,0,0,0
30010950,305276174,1,0,0,0,0,0
30161466,75761354,1,0,0,0,0,0
30192099,379056022,1,0,0,0,0,0
30203088,259970945,1,0,0,0,0,0
30289386,341730770,1,0,0,0,0,0
30509166,16152322,1,0,0,0,0,0
30651426,8595000,1,0,1,1,0,0
30657582,286098048,1,0,0,0,0,0
30830259,12092586,1,0,0,0,0,0
30974410,173483812,1,1,0,0,0,0
31010053,390093144,1,0,0,0,0,0
31045873,8497549,1,0,0,0,0,0
31140676,368728463,1,0,0,0,0,0
31142956,197363107,1,0,0,0,0,0
31142956,390634710,1,0,0,0,0,0
31153192,172967509,1,0,0,0,0,0
31256146,321657057,1,0,0,0,0,0
31374775,246625316,1,0,0,0,0,0
31374775,356409623,1,0,0,0,0,0
31430770,84647255,2,0,0,0,0,0
31430770,244043534,1,0,1,0,0,0
31605133,142066402,1,0,0,0,0,0
31669819,345488775,1,0,0,0,0,0
31774810,219991346,1,0,0,0,0,0
32052328,150011796,1,0,0,0,0,0
32079118,100802253,1,0,0,0,0,0
32249101,184574704,1,0,0,0,0,0
32339254,148553319,1,0,0,0,0,0
32339254,203468601,1,0,0,0,0,0
32339254,290938759,1,0,0,0,0,0
32358007,169091197,1,0,0,0,0,0
32367160,115284478,1,0,0,0,0,0
32515531,118835036,1,0,0,0,0,0
32610505,322832373,1,0,0,0,0,0
32647465,55837235,1,0,0,0,0,0
32690704,104331662,1,0,0,0,0,0
32690704,126317869,1,0,0,0,0,0
32763985,259116801,1,0,0,0,0,0
32767747,367173135,1,0,0,0,0,0
32795881,87011277,1,0,1,0,0,0
32795881,273634436,2,0,1,0,0,0
32795881,305008854,1,0,0,0,0,0
32848480,36094564,1,0,0,0,0,0
33008167,134867338,1,0,0,0,0,0
33131047,47726956,1,0,0,0,0,0
33131047,175209343,1,0,0,0,0,0
33253837,127570213,1,0,0,0,0,0
33259537,288779027,1,0,0,0,0,0
33405685,270701199,1,0,0,0,0,0
33454453,153496793,1,0,0,0,0,0
33456733,330759571,1,0,0,0,0,0
33495199,107140272,1,0,0,0,0,0
33734188,355434012,1,0,0,0,0,0
33753796,129647532,1,0,0,0,0,0
33787972,112266519,1,0,0,0,0,0
33857842,44533196,1,0,0,0,0,0
33857842,146245146,1,0,0,0,0,0
33857842,192770525,1,0,0,0,0,0
33929080,102903008,1,0,0,0,0,0
33929080,229980181,1,0,0,0,0,0
34112959,79904862,1,0,0,0,0,0
34112959,177611395,1,0,0,0,0,0
34125247,134058902,1,0,0,0,0,0
34125247,193135072,1,0,0,0,0,0
34126111,215613319,1,0,0,0,0,0
34299988,19511187,1,0,0,0,0,0
34299988,303252475,1,0,0,0,0,0
34299988,382207752,1,0,0,0,0,0
34332328,404467510,2,0,1,0,0,0
34363588,38502332,1,0,0,0,0,0
34416757,16836123,1,0,0,0,0,0
34416757,187878697,1,0,0,0,0,0
34416757,190939998,1,0,0,0,0,0
34421464,158440645,1,0,1,0,0,0
34421464,388933229,2,0,1,1,0,0
34457122,42835125,1,0,0,0,0,0
34593868,134768469,1,0,0,0,0,0
34710466,229560242,1,0,0,0,0,0
34710466,266954644,1,0,0,0,0,0
34757101,129128556,1,0,0,0,0,0
34757101,149720965,3,1,0,0,0,0
34792318,119256509,1,0,0,0,0,0
34810921,379825087,1,0,0,0,0,0
34895785,262490997,1,0,0,0,0,0
35064967,22608918,1,0,0,0,0,0
35137240,97017635,1,0,0,0,0,0
35176048,290553966,1,0,0,0,0,0
35299360,158216024,1,0,0,0,0,0
35516315,172944238,1,0,0,0,0,0
35520386,166285595,1,0,0,0,0,0
35522609,251577966,1,0,0,0,0,0
35555579,347411901,1,0,0,0,0,0
35651075,26216981,2,0,1,1,0,0
35702135,113034470,1,0,0,0,0,0
35702135,203620503,1,0,0,0,0,0
35702135,266185296,1,0,0,0,0,0
35702135,374977644,1,0,0,0,0,0
35917880,289862617,1,0,0,0,0,0
35927708,110319926,1,0,0,0,0,0
35927708,129877983,1,0,0,0,0,0
36061343,88280149,1,0,0,0,0,0
36067043,155013067,1,0,0,0,0,0
36101825,231407965,1,0,0,0,0,0
36171740,34277118,1,0,0,0,0,0
36188969,36570545,1,0,0,0,0,0
36188969,115925145,2,0,0,0,0,0
36188969,346523530,2,0,0,0,0,0
36375425,243112147,1,0,0,0,0,0
36375425,365010063,1,0,0,0,0,0
36422153,61568142,1,0,0,0,0,0
36422153,311654924,1,0,0,0,0,0
36511403,67658708,1,0,0,0,0,0
36845996,316451557,1,0,0,0,0,0
36871109,24672643,1,0,0,0,0,0
36886931,15174053,1,0,0,0,0,0
37015415,309519897,1,0,0,0,0,0
37029974,40213033,1,0,0,0,0,0
37069076,209564802,1,0,0,0,0,0
37180133,71985415,1,0,0,0,0,0
37189586,388903184,1,0,0,0,0,0
37215167,171997334,1,0,0,0,0,0
37312649,35595688,1,0,0,0,0,0
37312649,113309848,1,0,0,0,0,0
37783616,202207984,1,0,0,0,0,0
37802666,139608057,1,0,0,0,0,0
37811762,290362787,1,0,0,0,0,0
37929740,97804216,1,0,0,0,0,0
37931873,200289923,1,0,0,0,0,0
37961432,178683686,1,1,0,0,0,0
37961432,355647893,1,0,0,0,0,0
37963142,211052471,1,0,0,0,0,0
38026943,141881315,1,0,0,0,0,0
38383580,254326802,1,0,0,0,0,0
38477894,152646600,1,0,0,0,0,0
38477894,167975382,1,0,0,0,0,0
38535314,394427694,1,0,0,0,0,0
38660360,4259057,1,0,0,0,0,0
38660360,67498030,1,0,0,0,0,0
38660360,113325193,1,0,0,0,0,0
38974214,80085832,1,0,0,0,0,0
38974214,370663188,1,0,0,0,0,0
39066596,26737102,1,0,1,0,0,0
39066596,326161985,1,0,0,0,0,0
39175121,133548532,1,0,0,0,0,0
39175121,140674164,1,0,0,0,0,0
39175121,290999637,1,0,0,0,0,0
39175121,306096758,1,0,1,0,0,0
39282374,91600642,1,0,0,0,0,0
39282374,153455506,1,0,0,0,0,0
39282374,318619392,1,0,0,0,0,0
39352244,79240215,1,0,0,0,0,0
39352244,376952631,1,0,0,0,0,0
39361112,222171087,0,0,0,1,0,0
39421478,91658327,1,0,0,0,0,0
39421478,119532136,1,0,0,0,0,0
39451664,147988942,1,0,0,0,0,0
39489203,130557414,1,0,0,0,0,0
39717215,145790219,1,0,0,0,0,0
39717215,393742121,1,0,0,0,0,0
39749111,116454091,1,0,0,0,0,0
39749111,144390763,1,0,0,0,0,0
39759851,329896398,1,0,0,0,0,0
39778433,68869909,1,0,0,0,0,0
39784727,110561647,1,0,0,0,0,0
39784727,351233243,1,0,0,0,0,0
39801668,13181424,1,0,0,0,0,0
39801668,195367942,1,0,0,0,0,0
39801668,336964100,1,0,0,0,0,0
39947951,166800233,1,0,0,0,0,0
40406632,32460135,4,1,0,0,0,0
40406632,346710988,1,1,0,0,0,0
40406632,403652266,1,1,0,0,0,0
40410817,93686480,1,0,0,0,0,0
40437892,56622303,1,0,0,0,0,0
40792705,179949381,1,0,0,0,0,0
40976050,290157153,1,0,0,0,0,0
40980235,41360905,1,0,0,0,0,0
40980235,263845022,1,0,0,0,0,0
40995031,231770897,1,0,0,0,0,0
41083936,39752109,1,0,0,0,0,0
41117155,130860994,1,0,0,0,0,0
41117155,170839873,1,0,0,0,0,0
41204182,68842914,1,0,0,0,0,0
41267281,80319389,1,0,0,0,0,0
41291140,68436567,1,0,0,0,0,0
41291140,369155094,1,0,0,0,0,0
41331280,315323681,1,0,0,0,0,0
41396203,335588066,1,0,0,0,0,0
41693266,374778670,1,0,0,0,0,0
41693266,387282624,1,0,0,0,0,0
41693266,398918134,1,0,0,0,0,0
41803675,25671162,1,0,0,0,0,0
41803675,48452848,1,0,0,0,0,0
41993473,18590971,1,0,0,0,0,0
42051013,48698901,1,0,0,0,0,0
42096946,93253351,1,0,0,0,0,0
42250699,247010910,1,0,0,0,0,0
42304732,21916616,1,0,0,0,0,0
42304732,112010710,1,0,0,0,0,0
42304732,128048755,1,1,0,0,0,0
42354574,158718619,1,0,0,0,0,0
42354574,368564659,2,0,1,0,0,0
42354574,373327126,1,0,0,0,0,0
42369712,368532046,1,0,0,0,0,0
42778255,303405737,3,0,1,0,0,0
42791137,211241683,1,0,0,0,0,0
42793246,424542,1,0,0,0,0,0
42873856,130967423,1,0,0,0,0,0
43294132,396698708,1,0,0,0,0,0
43308475,95253928,3,0,0,0,0,0
43375987,68420193,1,0,0,0,0,0
43386565,4607747,1,0,0,0,0,0
43386565,43724350,1,0,0,0,0,0
43484740,48476355,1,0,0,0,0,0
43484740,222614344,3,0,1,0,0,0
43484740,372211909,1,0,0,0,0,0
43484740,393790813,1,0,0,0,0,0
43485529,75681830,1,1,0,0,0,0
43502048,92999613,1,0,0,0,0,0
43607396,224181300,1,0,1,0,0,0
43802255,158525196,1,0,0,0,0,0
43877747,32995949,1,0,0,0,0,0
43877747,141131556,1,1,0,0,0,0
44001851,303174233,2,0,2,1,0,0
44097692,288726728,1,0,0,0,0,0
44299667,163640751,1,0,0,0,0,0
44299667,199767690,1,0,0,0,0,0
44416664,335360220,1,0,0,0,0,0
44555129,27912395,1,0,0,0,0,0
44627393,35098875,1,0,0,0,0,0
44658539,289221310,1,1,0,0,0,0
44869895,248981890,1,0,1,0,0,0
44908790,386636536,1,0,1,0,0,0
44994029,208448018,1,0,0,0,0,0
44994029,291423017,1,0,0,0,0,0
45109640,181251969,1,0,0,0,0,0
45120014,361888140,1,0,0,0,0,0
45351995,296523062,2,0,1,0,0,0
45472970,40229006,1,0,0,0,0,0
45506132,5520870,1,0,0,0,0,0
45506132,181686669,2,1,0,0,0,0
45537392,369882892,1,0,0,0,0,0
45629939,78485668,1,0,0,0,0,0
45649442,298125840,1,0,0,0,0,0
45748691,396656613,1,0,0,0,0,0
45837941,77357848,1,0,0,0,0,0
45986348,158542516,1,0,0,0,0,0
46156223,291178462,1,0,0,0,0,0
46156223,375128821,1,0,0,0,0,0
46406399,342372311,1,0,0,0,0,0
46489343,128456327,2,0,0,0,0,0
46534133,62530411,3,0,0,0,0,0
46536413,376819173,1,0,1,0,0,0
46539368,19155415,1,0,0,0,0,0
46554986,394855530,1,1,0,0,0,0
46681058,384753058,1,0,0,0,0,0
46729748,231605525,2,0,0,0,0,0
46729748,346022276,1,0,0,0,0,0
46804781,344511370,1,0,0,0,0,0
47084909,24030067,1,0,0,0,0,0
47184224,48997872,1,0,0,0,0,0
47184224,346475688,1,0,0,0,0,0
47264435,169160259,1,0,0,0,0,0
47498990,247866358,1,0,0,0,0,0
47517185,23969058,1,0,0,0,0,0
47572418,12413056,2,0,0,0,0,0
47654567,53526663,1,0,0,0,0,0
47722328,6406887,1,0,0,0,0,0
47750291,235499169,1,0,0,0,0,0
48367917,153164028,1,0,0,0,0,0
48393144,29683238,1,0,0,0,0,0
48442323,324947793,1,0,0,0,0,0
48594900,63705223,1,0,0,0,0,0
48658287,162172394,1,0,0,0,0,0
48658287,211092669,1,0,0,0,0,0
48658287,338992018,1,0,1,0,0,0
48748002,282546171,1,0,0,0,0,0
48940914,255327131,2,0,0,0,0,0
49035072,93993042,1,0,0,0,0,0
49039290,13960191,1,0,0,0,0,0
49039290,83740235,1,0,0,0,0,0
49087536,334251123,1,0,0,0,0,0
49099929,109930458,1,0,0,0,0,0
49099929,370511737,1,0,0,0,0,0
49157634,114664058,1,0,0,0,0,0
49289967,94362490,1,0,0,0,0,0
49328805,127981639,1,0,0,0,0,0
49337502,246563152,1,0,0,0,0,0
49521270,33280652,1,0,0,0,0,0
49521270,63680475,1,0,0,0,0,0
49521270,215107910,3,0,2,0,0,0
49582032,303679247,1,0,0,0,0,0
49592373,395555022,2,0,0,0,0,0
49695783,6826634,1,0,0,0,0,0
49898850,118159952,3,0,0,1,0,0
50126200,217356602,1,0,0,0,0,0
50142094,190784634,1,0,0,0,0,0
50142094,362975480,1,0,0,0,0,0
50202820,334496556,1,0,0,0,0,0
50608366,293719398,1,0,0,0,0,0
50825788,44761172,1,0,0,0,0,0
50830609,152831635,1,0,0,0,0,0
50845804,12780506,1,0,0,0,0,0
50845804,222213720,1,0,0,0,0,0
50845804,391995489,1,0,0,0,0,0
51019879,77587709,1,0,0,0,0,0
51128290,164635276,1,0,0,0,0,0
51128290,343890988,1,0,0,0,0,0
51183124,45037901,1,0,0,0,0,0
51292486,165870038,1,0,0,0,0,0
51354922,72710986,1,0,0,0,0,0
51381793,155046936,1,0,0,0,0,0
51470017,160226710,1,0,0,0,0,0
51470017,380726790,1,0,0,0,0,0
51564559,4184833,1,0,0,0,0,0
51647720,64877820,1,0,0,0,0,0
51655325,189580444,1,0,0,0,0,0
51737018,45914762,1,0,0,0,0,0
51737018,154890044,1,0,0,0,0,0
51742523,81966436,1,0,0,0,0,0
51742523,109214086,1,0,0,0,0,0
51845990,61083411,1,0,0,0,0,0
51957641,248691454,1,0,0,0,0,0
51981500,210382041,1,0,0,0,0,0
52294667,227776335,1,0,0,0,0,0
52318172,305653094,1,0,0,0,0,0
52324238,68124319,1,0,0,0,0,0
52343675,11708128,1,0,0,0,0,0
52343675,273936233,1,0,0,0,0,0
52379105,159891668,1,0,1,0,0,0
52392671,396327420,1,0,0,0,0,0
52403660,19805275,1,0,0,0,0,0
52403660,222419946,1,0,0,0,0,0
52432982,355591265,1,0,1,0,0,0
52627799,223745206,1,0,0,0,0,0
52630739,17124397,1,0,0,0,0,0
52645592,397407132,1,0,0,0,0,0
52685207,197670999,1,0,0,0,0,0
52685207,338464381,1,0,0,0,0,0
52926704,82413543,1,0,0,0,0,0
52947224,10549625,1,0,0,0,0,0
53077967,20881241,1,0,0,0,0,0
53243162,79085618,1,0,0,0,0,0
53255783,41832001,1,0,0,0,0,0
53255783,343451500,1,0,0,0,0,0
53335367,338184813,1,0,0,0,0,0
53344007,388892948,1,0,0,0,0,0
53455877,60328283,1,0,0,0,0,0
53455877,62742657,1,0,0,0,0,0
53844137,307591468,1,0,0,0,0,0
53878313,202375277,1,0,0,0,0,0
53879957,317335309,1,0,0,0,0,0
53880275,290907867,1,0,0,0,0,0
53880275,396339884,1,0,0,0,0,0
53962766,216257560,1,0,0,0,0,0
53962766,325303475,1,0,0,0,0,0
54041681,48954708,1,0,0,0,0,0
54121265,140352510,1,0,0,0,0,0
54208610,150262199,1,0,0,0,0,0
54388676,48206324,1,0,0,0,0,0
54482063,225623857,1,0,0,0,0,0
54538757,103514235,1,0,0,0,0,0
54538757,105435085,1,0,0,0,0,0
54538757,256017527,1,0,0,0,0,0
54551639,150181480,1,0,1,0,0,0
54785396,90626878,1,0,0,0,0,0
54917531,380974478,1,0,0,0,0,0
55018382,393068452,1,0,0,0,0,0
55066628,232784832,1,0,0,0,0,0
55066628,326731514,1,0,0,0,0,0
55138265,109381916,1,0,0,0,0,0
55263482,236995337,3,0,0,0,0,0
55292918,244007778,1,0,0,0,0,0
55303337,251061430,1,0,0,0,0,0
55474154,263108455,1,0,0,0,0,0
55474154,280733902,4,0,1,0,0,0
55474154,320950567,1,0,0,0,0,0
55474154,359959488,1,0,0,0,0,0
55474724,102105436,1,0,0,0,0,0
55474724,362488675,1,0,0,0,0,0
55569161,257278401,1,0,0,0,0,0
56033639,130237505,1,0,0,0,0,0
56084573,352755344,1,0,1,0,0,0
56138166,143346563,1,0,0,0,0,0
56153328,34478971,1,0,0,0,0,0
56162253,130660969,1,0,0,0,0,0
56164305,253165843,1,0,0,0,0,0
56188977,241447350,1,0,0,0,0,0
56246853,110296654,1,0,0,0,0,0
56248107,222315562,1,0,0,0,0,0
56269254,327046197,1,0,0,0,0,0
56326038,52548857,1,0,0,0,0,0
56326038,153398911,1,0,0,0,0,0
56356053,238811097,1,0,0,0,0,0
56368218,221813286,1,0,0,0,0,0
56457981,35296019,1,0,0,0,0,0
56457981,72796015,1,0,0,0,0,0
56457981,78315049,1,0,0,0,0,0
56457981,317352403,1,0,0,0,0,0
56531865,150008869,1,0,0,0,0,0
56708793,120770112,1,0,0,0,0,0
56743230,253691648,1,0,0,0,0,0
56782266,51973788,1,0,0,0,0,0
56824059,372428640,1,0,0,0,0,0
56850825,80682163,1,0,0,0,0,0
56850825,306039593,1,0,0,0,0,0
56962533,274011312,1,0,0,0,0,0
57011490,48267628,1,1,0,0,0,0
57081120,45363933,1,0,0,0,0,0
57081120,315583107,1,0,0,0,0,0
57186411,341518346,1,0,0,0,0,0
57328869,8401352,1,0,0,0,0,0
57369462,6975016,1,0,0,0,0,0
57373248,80233719,2,0,0,0,0,0
57373248,96033833,1,0,0,0,0,0
57380064,295171853,1,0,0,0,0,0
57434649,378394239,1,0,0,0,0,0
57523557,138613288,1,0,0,0,0,0
57586827,385462147,1,0,0,0,0,0
57745434,12155858,1,0,0,0,0,0
57794031,332896670,1,0,0,0,0,0
57806664,300161013,1,0,0,0,0,0
57941367,233220234,1,0,0,0,0,0
57954225,151119453,1,0,0,0,0,0
58104084,80586034,1,0,0,0,0,0
58210263,18743797,1,0,1,0,0,0
58285527,367770158,1,0,0,0,0,0
58336815,100855113,1,0,0,0,0,0
58363458,213012452,1,0,0,0,0,0
58490157,348298077,1,0,1,0,0,0
58547772,248728181,1,1,0,0,0,0
58581174,26152301,1,0,0,0,0,0
58581174,322317220,1,0,0,0,0,0
58587273,100855113,1,0,0,0,0,0
58688973,112983088,1,0,0,0,0,0
58796463,34595487,3,0,0,0,0,0
58796463,231629229,1,0,0,0,0,0
58887024,51602792,1,0,0,0,0,0
59132256,20385091,1,0,0,0,0,0
59132256,144860353,2,0,0,0,0,0
59202981,141774110,1,0,0,0,0,0
59256585,312676189,1,0,1,0,0,0
59387673,227828076,1,0,0,0,0,0
59387673,375985861,1,1,0,0,0,0
59389326,233894655,1,0,0,0,0,0
59533935,124877818,1,0,0,0,0,0
59610051,73875193,3,0,0,0,0,0
59651595,104544351,1,0,0,0,0,0
59673150,174063202,1,0,0,0,0,0
59673150,271425261,1,0,0,0,0,0
59739387,115715820,1,0,0,0,0,0
59786445,85830366,1,0,0,0,0,0
59786445,389330821,1,0,1,0,0,0
59823003,127795094,1,0,0,0,0,0
59860956,348667147,1,0,0,0,0,0
60001313,321440303,1,0,0,0,0,0
60070763,42576400,1,0,0,0,0,0
60203516,375978273,1,0,0,0,0,0
60207107,247921685,1,0,0,0,0,0
60241193,223404547,1,0,0,0,0,0
60278495,238225113,1,0,0,0,0,0
60331859,69622985,1,0,0,0,0,0
60331859,312822604,1,0,0,0,0,0
60376613,290856300,1,0,0,0,0,0
60376613,326452724,1,0,0,0,0,0
60380285,301078596,1,0,0,0,0,0
60940970,374330010,1,0,0,0,0,0
61055069,47867774,1,1,0,0,0,0
61077080,64688479,1,0,0,0,0,0
61095197,300568493,1,0,0,0,0,0
61143701,51967115,1,0,1,0,0,0
61267802,268537366,1,0,0,0,0,0
61592942,307545054,1,0,0,0,0,0
61622171,111311045,1,0,0,0,0,0
61622171,116745318,2,0,0,0,0,0
61622171,253657658,1,0,0,0,0,0
61622171,387045650,1,0,0,0,0,0
61640288,23292243,1,0,0,0,0,0
61640288,107699901,1,0,0,0,0,0
61672184,67961353,1,0,0,0,0,0
61712837,234826008,1,0,0,0,0,0
61723073,75617489,1,0,0,0,0,0
61723472,20956692,1,0,0,0,0,0
61745579,386874883,1,0,0,0,0,0
62009597,296656345,1,0,0,0,0,0
62053130,326209411,2,0,0,0,0,0
62164715,7595329,1,0,0,0,0,0
62164715,63406785,2,0,0,0,0,0
62164715,132629571,1,0,0,0,0,0
62164715,184756049,2,0,0,0,0,0
62164715,275288108,1,0,0,0,0,0
62164715,288817807,1,0,0,0,0,0
62164715,328688533,2,0,1,1,0,0
62197685,372897208,1,0,0,0,0,0
62214968,315168793,1,0,0,0,0,0
62234471,250447873,1,0,0,0,0,0
62264030,308552484,1,0,0,0,0,0
62264030,349753662,1,1,0,0,0,0
62337881,138340889,1,0,0,0,0,0
62411537,96054474,1,0,0,0,0,0
62453147,73752615,1,0,0,0,0,0
62453147,187822376,2,0,1,0,0,0
62660057,292021186,1,0,0,0,0,0
62879735,280122104,1,0,0,0,0,0
62918630,396455448,1,0,0,0,0,0
62957039,319372712,1,0,0,0,0,0
62957039,329624631,1,0,0,0,0,0
62957267,90251456,1,0,0,0,0,0
62957267,397231385,1,0,0,0,0,0
62958701,328844407,1,0,0,0,0,0
62964881,138865870,1,0,0,0,0,0
63103079,65249977,1,0,0,0,0,0
63103079,130481016,2,0,0,0,0,0
63150536,387710139,1,0,0,0,0,0
63163622,280658145,1,0,0,0,0,0
63220007,365042983,1,0,0,0,0,0
63377249,287513873,1,0,0,0,0,0
63553355,286495826,1,0,0,0,0,0
63553355,316555195,1,0,0,0,0,0
63553355,395768291,1,0,0,0,0,0
63591944,63394011,1,0,0,0,0,0
63660779,151527433,1,0,0,0,0,0
63660779,234198877,1,0,0,0,0,0
63660779,337171076,1,0,0,0,0,0
63665861,221563708,1,0,0,0,0,0
63935255,126902916,1,0,0,0,0,0
63995000,12829078,1,0,0,0,0,0
64005416,259675171,1,0,0,0,0,0
64151780,105162101,1,0,0,0,0,0
64151780,109779599,1,0,0,0,0,0
64151780,185975633,1,0,0,0,0,0
64203264,53315665,1,0,0,0,0,0
64279050,31694381,1,0,0,0,0,0
64357551,15404588,1,0,0,0,0,0
64445538,71821645,1,0,0,0,0,0
64500498,107455195,1,0,0,0,0,0
64543542,317841481,2,0,0,0,0,0
64553427,217325130,1,0,0,0,0,0
64687299,57355288,1,0,0,0,0,0
64806918,176515225,2,0,0,1,0,0
64848129,71985415,3,0,0,0,0,0
64884837,272626911,1,0,0,0,0,0
64980390,271765755,1,0,0,0,0,0
65032188,359454251,1,0,0,0,0,0
65032188,370159810,1,0,0,0,0,0
65049834,310352580,1,0,0,0,0,0
65049834,403944741,1,0,0,0,0,0
65095287,195675736,1,0,0,0,0,0
65175897,237533650,1,0,0,0,0,0
65263161,305885439,1,0,0,0,0,0
65268738,306112784,1,0,0,0,0,0
65309115,372594908,1,0,0,0,0,0
100171465,171651968,1,0,0,0,0,0
100171465,282381791,1,0,1,0,0,0
100171465,333543894,1,0,0,0,0,0
100236685,383169145,1,0,0,0,0,0
100243045,71683090,1,0,0,0,0,0
100422676,52157451,1,0,0,0,0,0
100422676,106373423,1,0,0,0,0,0
100422676,257478945,1,0,0,0,0,0
100521298,399809564,1,0,0,0,0,0
100586848,149517272,1,0,0,0,0,0
100714024,213960806,1,0,0,0,0,0
100882495,356698910,1,0,0,0,0,0
101105140,39704833,1,0,0,0,0,0
101142466,253321332,1,0,0,0,0,0
101490976,363724420,1,0,0,0,0,0
101543575,181520758,1,0,0,0,0,0
101577352,325702122,1,0,0,0,0,0
101709469,392642875,1,0,0,0,0,0
101820583,390634710,1,0,0,0,0,0
101879611,258436772,1,0,0,0,0,0
102011320,18027322,2,0,0,0,0,0
102011320,308509863,1,0,0,0,0,0
102033883,122101103,1,0,0,0,0,0
102033883,213676874,1,0,0,0,0,0
102033883,297890296,1,0,0,0,0,0
102115747,173701753,1,0,0,0,0,0
102115747,264002198,1,0,0,0,0,0
102213124,124249318,1,0,0,0,0,0
102275929,122869884,1,0,0,0,0,0
102462043,51637216,1,0,0,0,0,0
102516628,275808208,3,1,0,0,0,0
102539086,366818646,1,0,0,0,0,0
102590956,321174090,1,0,0,0,0,0
102823423,340264193,1,0,0,0,0,0
102856393,65202049,1,0,0,0,0,0
102856393,244316641,1,0,0,0,0,0
103033579,374890725,1,0,0,0,0,0
103052788,44881526,1,0,0,0,0,0
103167412,232827138,1,0,0,0,0,0
103179805,27764071,1,0,0,0,0,0
103210150,14782145,1,0,0,0,0,0
103246987,20241448,2,0,0,0,0,0
103337719,365374871,1,0,0,0,0,0
103459768,116615948,1,0,0,0,0,0
103459768,139275009,1,0,0,0,0,0
103459768,196224867,1,0,1,1,0,0
103459768,249801618,1,0,0,0,0,0
103459768,299836688,1,0,0,0,0,0
103459768,372172075,1,0,0,0,0,0
103490614,144691794,1,0,0,0,0,0
103628659,76224708,1,0,0,0,0,0
103718260,224994238,1,0,0,0,0,0
104009491,244968526,1,0,1,0,0,0
104159731,92656637,1,0,0,0,0,0
104182726,269289644,1,0,0,0,0,0
104182726,271134215,1,0,0,0,0,0
104216572,84151403,1,0,0,0,0,0
104216572,202585445,1,0,0,0,0,0
104216572,381650211,1,0,0,0,0,0
104393455,71072005,1,0,0,0,0,0
104445589,322480462,1,0,0,0,0,0
104454286,299787243,1,0,0,0,0,0
104465491,218971487,1,0,0,0,0,0
104479195,97517742,1,0,0,0,0,0
104541883,28538811,1,0,0,0,0,0
104541883,388602207,1,0,0,0,0,0
104764549,11935937,1,0,0,0,0,0
104764549,31128209,1,0,0,0,0,0
104764549,194128863,1,0,0,0,0,0
104869099,200365316,1,0,0,0,0,0
104876086,277782556,1,0,0,0,0,0
104982265,122448339,1,0,0,0,0,0
104982265,122824490,1,0,0,0,0,0
104982265,254557209,1,0,0,0,0,0
104993641,61077033,1,0,0,0,0,0
104993641,158773005,1,0,0,0,0,0
104993641,210094114,1,0,0,0,0,0
105026093,68415679,1,1,0,0,0,0
105132614,49445646,1,0,0,0,0,0
105207377,300113817,1,0,0,0,0,0
105227450,43975941,1,0,0,0,0,0
105227450,237397451,1,0,0,0,0,0
105227450,267155228,1,0,0,0,0,0
105227450,308919486,1,0,0,0,0,0
105265070,167889020,1,0,0,0,0,0
105284450,25004917,1,0,0,0,0,0
105315608,10261639,1,0,1,0,0,0
105315608,206769570,2,0,0,0,0,0
105399227,190783625,1,0,0,0,0,0
105410696,200818610,1,0,0,0,0,0
105456695,68539712,1,0,0,0,0,0
105769760,816314,1,0,0,0,0,0
105769760,261574987,1,0,0,0,0,0
105833132,269879320,1,0,0,0,0,0
105833930,55570576,1,0,0,0,0,0
105902537,34043372,1,0,0,0,0,0
105902537,94491676,1,0,0,0,0,0
105902537,132319743,1,0,0,0,0,0
105923627,4909748,1,0,0,0,0,0
106105154,267175380,1,0,0,0,0,0
106159385,244902671,1,0,0,0,0,0
106326509,340312544,1,0,0,0,0,0
106436507,322148210,1,0,0,0,0,0
106508942,21863343,1,0,0,0,0,0
106508942,175171349,1,0,0,0,0,0
106531595,70790887,1,0,0,0,0,0
106533248,346801255,1,1,0,0,0,0
106626146,337412066,1,0,0,0,0,0
106678667,178613389,1,0,0,0,0,0
106734035,112657413,1,0,0,0,0,0
106778780,368492852,1,0,0,0,0,0
106797362,95448438,1,0,0,0,0,0
107143838,156417717,1,0,1,0,0,0
107143838,382209670,1,0,0,0,0,0
107264015,256471402,1,0,0,0,0,0
107295218,67001527,1,0,0,0,0,0
107295218,222129372,1,0,0,0,0,0
107386463,83317186,3,0,2,0,0,0
107487194,52393912,1,0,0,0,0,0
107487194,110455894,1,0,0,0,0,0
107487194,127002978,1,0,0,0,0,0
107487194,153851994,1,0,0,0,0,0
107494922,38621333,1,0,0,0,0,0
107609597,290788427,1,0,0,0,0,0
107614019,170281123,1,0,0,0,0,0
107662949,125350978,1,0,0,0,0,0
107778875,373902662,1,0,0,0,0,0
108019238,379233450,1,0,0,0,0,0
108170081,351386842,1,0,0,0,0,0
108175886,50029576,1,0,0,0,0,0
108318200,387550395,1,0,0,0,0,0
108330275,214154403,1,0,0,0,0,0
108330275,221601560,1,0,0,0,0,0
108330275,342735050,1,0,0,0,0,0
108349460,217764406,1,0,0,0,0,0
108387821,391137343,1,0,0,0,0,0
108408752,292473216,1,0,0,0,0,0
108648119,266206540,1,0,0,0,0,0
108992468,98089076,1,0,0,0,0,0
109033763,194055179,1,0,0,0,0,0
109043819,293880821,2,0,0,2,0,0
109092473,170136180,1,0,0,0,0,0
109120790,71618037,1,0,0,0,0,0
109128542,157873387,1,0,0,0,0,0
109128542,399141144,1,0,0,0,0,0
109326584,64835850,1,0,0,0,0,0
109326584,261635292,1,0,0,0,0,0
109354262,179729545,1,0,0,0,0,0
109354262,316792607,1,0,0,0,0,0
109440197,66440021,1,0,0,0,0,0
109548404,165071952,1,0,0,0,0,0
109779393,351169409,1,0,0,0,0,0
109895457,48295154,1,0,0,0,0,0
109895457,49002319,1,0,0,0,0,0
109908783,111649006,1,0,0,0,0,0
109908783,345435071,1,0,0,0,0,0
110025259,396171430,1,0,0,0,0,0
110041570,384950182,1,0,0,0,0,0
110068303,98778714,1,0,0,0,0,0
110145598,14272251,1,0,0,0,0,0
110154409,260498731,1,0,0,0,0,0
110154409,358248663,1,0,0,0,0,0
110330743,257310975,1,0,0,0,0,0
110380927,286426327,1,0,0,0,0,0
110404090,3231771,1,0,0,0,0,0
110404090,331092834,1,0,0,0,0,0
110507044,165498290,1,0,0,0,0,0
110507044,354314718,1,0,0,0,0,0
110555917,206645288,1,0,0,0,0,0
110606692,265995481,1,0,0,0,0,0
110731054,377880580,2,0,0,0,0,0
110750035,163586526,1,0,0,0,0,0
110792215,259125936,1,0,0,0,0,0
110825197,129300713,2,0,0,0,0,0
110872825,22251811,1,0,0,0,0,0
110872825,232202293,1,0,0,0,0,0
110883802,24898923,1,0,0,0,0,0
110883802,110296654,1,0,0,0,0,0
110883802,112115273,1,0,0,0,0,0
110883802,344275005,1,0,0,0,0,0
110883802,380978442,1,0,0,0,0,0
110908951,343904271,1,0,0,0,0,0
110946571,80586034,1,0,0,0,0,0
110961790,23513168,2,0,0,0,0,0
110961790,162089349,1,0,0,0,0,0
110961790,396092801,1,0,0,0,0,0
111151207,295123842,1,0,0,0,0,0
111157306,244090811,1,0,0,0,0,0
111246442,294173567,1,0,0,0,0,0
111246442,326099382,1,0,0,0,0,0
111311287,61811506,1,0,0,0,0,0
111389581,276942632,1,0,0,0,0,0
111485020,2442044,1,0,0,0,0,0
111485020,122665458,1,0,0,0,0,0
111556135,294738900,2,0,0,0,0,0
111556135,313262205,1,0,0,0,0,0
111575971,123482371,1,0,0,0,0,0
111611095,214961247,1,1,0,0,0,0
111623089,345301951,1,0,0,0,0,0
111872749,119905586,1,0,0,0,0,0
111876739,254836176,1,0,0,0,0,0
112115278,183350435,1,0,0,0,0,0
112141018,64720983,1,0,0,0,0,0
112141018,95072703,2,0,0,0,0,0
112141018,174063202,1,0,0,0,0,0
112471411,235109483,1,0,0,0,0,0
112489390,69271831,1,0,0,0,0,0
112489390,93725604,1,0,0,0,0,0
112518838,7085032,1,0,0,0,0,0
112548682,308313271,1,0,0,0,0,0
112556458,215627847,1,0,0,0,0,0
112600231,104684243,1,0,0,0,0,0
112619968,366418711,1,0,0,0,0,0
112647019,107116354,1,0,0,0,0,0
112658053,20025618,1,0,0,0,0,0
112658053,152537971,1,0,0,0,0,0
112658053,159502837,1,0,0,0,0,0
112658053,257642345,1,0,0,0,0,0
112658053,293022878,1,0,0,0,0,0
112791616,90879080,1,0,0,0,0,0
112791616,289863784,1,0,0,0,0,0
113010458,266274103,1,0,0,0,0,0
113033486,10831936,1,0,0,0,0,0
113034122,397181645,1,0,0,0,0,0
113151089,15350735,1,0,0,0,0,0
113151089,371297043,1,0,0,0,0,0
113331926,370817930,1,0,0,0,0,0
113379008,231256503,1,0,0,0,0,0
113434937,143167274,1,0,0,0,0,0
113512469,57891468,1,0,0,0,0,0
113532770,291410528,1,0,0,0,0,0
113640203,8816162,1,0,0,0,0,0
113640203,347268681,2,1,0,0,0,0
113642540,225753512,1,0,0,0,0,0
113649428,240771523,1,0,0,0,0,0
113696144,33540152,2,0,0,0,0,0
113696144,89877643,1,0,0,0,0,0
113776982,196097510,1,0,0,0,0,0
113884016,11871764,1,0,0,0,0,0
113922218,162841137,1,0,0,0,0,0
113922218,230904289,1,0,0,0,0,0
113922218,400322672,1,0,0,0,0,0
114020513,47164787,1,0,0,0,0,0
114061658,120715001,1,0,0,0,0,0
114106880,257385199,1,0,0,0,0,0
114135347,54748438,1,0,0,0,0,0
114278486,42473671,1,0,0,0,0,0
114328130,96314239,2,0,0,0,0,0
114328130,231371888,1,0,0,0,0,0
114328130,244435835,1,0,0,0,0,0
114328130,294419200,2,0,1,0,0,0
114390959,179437449,1,0,0,0,0,0
114695450,342521946,2,0,0,0,0,0
114775433,127252795,1,0,0,0,0,0
114775433,187050873,1,0,0,0,0,0
114775433,397404951,1,0,0,0,0,0
114885602,314344063,1,0,0,0,0,0
114940505,396069150,1,0,0,0,0,0
114946034,136794399,1,0,0,0,0,0
114963533,165093180,1,0,0,0,0,0
115006310,152803135,1,0,0,0,0,0
115006310,260254695,1,0,0,0,0,0
115136933,223038630,1,0,0,0,0,0
115206062,188682010,1,0,0,0,0,0
115211111,65000220,2,0,0,1,0,0
115369769,284150468,1,0,0,0,0,0
115575833,399719304,2,0,0,0,0,0
115594814,176884267,1,0,0,0,0,0
115594814,283359594,1,0,0,0,0,0
115636265,395376230,1,0,0,0,0,0
115828583,105949909,1,0,0,0,0,0
115856090,125302274,1,0,0,0,0,0
115860218,281148400,1,0,0,0,0,0
115906685,339793573,1,0,0,0,0,0
116075627,202135649,1,0,0,0,0,0
116167889,10003571,1,0,0,0,0,0
116167889,146583932,1,0,0,0,0,0
116211662,227918742,1,0,0,0,0,0
116270315,161324169,1,0,0,0,0,0
116270315,380693809,1,0,0,0,0,0
116304161,346024365,1,0,0,0,0,0
116358506,287734972,1,0,0,0,0,0
116363270,393538529,1,0,0,0,0,0
116432675,333730729,1,0,0,0,0,0
116493266,109650624,1,0,0,0,0,0
116493266,126045620,1,0,0,0,0,0
116493266,128856076,1,0,0,0,0,0
116523407,118766850,1,0,0,0,0,0
116614880,353960866,1,0,0,0,0,0
116616533,220153088,1,0,0,0,0,0
116677580,338318792,1,0,0,0,0,0
116701850,51734688,1,0,0,0,0,0
116701850,197488747,1,0,0,0,0,0
116909354,119588889,1,0,1,0,0,0
116985392,116173072,1,0,0,0,0,0
117199100,375285780,1,0,0,0,0,0
117205235,201895102,1,0,0,0,0,0
117209225,320994366,1,0,0,0,0,0
117241943,102330973,1,0,0,0,0,0
117257585,192549667,1,0,0,0,0,0
117291728,88288120,1,0,0,0,0,0
117339449,59335585,1,0,0,0,0,0
117339449,164666227,1,0,0,0,0,0
117346094,202871657,1,0,0,0,0,0
117405956,87566061,1,0,1,0,0,0
117511565,151081329,1,0,0,0,0,0
117595355,138202751,1,0,0,0,0,0
117642083,321642343,1,0,0,0,0,0
117832212,79633650,1,0,0,0,0,0
117832212,225604253,1,0,0,0,0,0
117832212,299434037,1,0,0,0,0,0
117880116,10028724,1,0,0,0,0,0
117880116,49089850,1,0,0,0,0,0
117880116,51365689,1,0,0,0,0,0
117880116,269914617,1,0,0,0,0,0
117880116,404426168,1,0,0,0,0,0
117909654,211439321,1,0,0,0,0,0
117938178,182070956,1,0,0,0,0,0
118129314,397663306,1,0,0,0,0,0
118133727,48698858,1,0,0,0,0,0
118287444,27502916,1,0,0,0,0,0
118359822,117774439,1,0,0,0,0,0
118387500,137811747,2,0,0,0,0,0
118387500,252601460,1,1,0,0,0,0
118414155,115693228,1,0,0,0,0,0
118426149,196865318,1,0,0,0,0,0
118505343,28360786,1,0,0,0,0,0
118524951,277811903,1,0,0,0,0,0
118545642,57280850,1,0,0,0,0,0
118733970,47587311,1,0,0,0,0,0
118942932,374503087,1,0,0,0,0,0
118989948,129695022,1,0,0,0,0,0
118989948,164417933,1,0,0,0,0,0
119128620,148665909,1,0,0,0,0,0
119178861,336145229,1,0,0,0,0,0
119193225,169002830,1,0,0,0,0,0
119279535,47575781,1,0,1,0,0,0
119279535,336553633,1,0,1,0,0,0
119346888,5177632,1,0,0,0,0,0
119486616,374214353,1,0,0,0,0,0
119670156,83238168,1,0,0,0,0,0
119670156,181894415,1,0,0,0,0,0
119681304,93698383,1,0,0,0,0,0
119759040,270475460,1,0,0,0,0,0
119759040,317942300,1,0,0,0,0,0
119806110,134632501,1,0,0,0,0,0
119838957,69076416,1,0,0,0,0,0
119838957,111296625,1,0,1,0,0,0
119845773,370555600,1,0,0,0,0,0
120001942,149844302,1,0,0,0,0,0
120019864,254605495,1,0,0,0,0,0
120262855,295943694,1,0,0,0,0,0
120278269,49002319,1,0,0,0,0,0
120731782,84011600,1,0,0,0,0,0
120944392,372841144,1,0,0,0,0,0
121055447,262112219,1,0,0,0,0,0
121068191,50469462,1,0,0,0,0,0
121068191,323394399,1,0,0,0,0,0
121186592,328391273,1,0,0,0,0,0
121225031,27879083,1,0,0,0,0,0
121271681,61883795,1,0,0,0,0,0
121271681,105487115,1,0,0,0,0,0
121271681,118137304,1,0,0,0,0,0
121271681,118683500,1,0,0,0,0,0
121271681,176429015,1,0,0,0,0,0
121298414,243014811,1,1,0,0,0,0
121463315,245078376,1,0,0,0,0,0
121478111,58860816,1,0,0,0,0,0
121526027,328533061,1,0,0,0,0,0
121631798,353129529,1,0,0,0,0,0
121658987,344864140,1,0,0,0,0,0
122040080,341414048,1,0,0,0,0,0
122407730,59801863,1,0,0,0,0,0
122510537,323508702,1,0,0,0,0,0
122531057,384747763,1,0,1,0,0,0
122744693,82423006,1,0,0,0,0,0
122744693,249908268,1,0,0,0,0,0
122744693,331662231,1,0,0,0,0,0
122759831,107650739,1,0,0,0,0,0
122790659,32265210,2,0,0,0,0,0
123021194,44821053,1,0,0,0,0,0
123021194,165721890,1,0,0,0,0,0
123021194,199885380,1,0,0,0,0,0
123021194,291370648,1,0,0,0,0,0
123021194,347450929,1,0,0,0,0,0
123021194,403401969,1,0,0,0,0,0
123038441,80298158,3,0,0,0,0,0
123067535,98245041,1,0,0,0,0,0
123154961,5090147,1,0,0,0,0,0
123154961,28271083,1,0,0,0,0,0
123278606,214081961,1,0,0,0,0,0
123278606,270343411,1,0,0,0,0,0
123434069,41775700,1,0,0,0,0,0
123523376,220340213,1,0,0,0,0,0
123646460,9553748,1,0,0,0,0,0
123646460,44216239,1,0,0,0,0,0
123646460,280633798,1,0,0,0,0,0
123654464,103649430,1,0,0,0,0,0
123774176,68779201,1,0,0,0,0,0
124029668,286536397,1,0,0,0,0,0
124049114,307056738,1,0,1,0,0,0
124166879,252568939,5,0,0,0,0,0
124237613,185353244,1,0,0,0,0,0
124268417,95847439,1,0,0,0,0,0
124302458,64203015,1,0,0,0,0,0
124595039,32844354,1,1,0,0,0,0
124618649,208600040,1,0,0,0,0,0
124722776,139982673,1,0,0,0,0,0
124746041,333028913,1,0,0,0,0,0
124746041,372452169,1,0,0,0,0,0
124982843,166560471,1,0,0,0,0,0
124984154,154130374,1,0,0,0,0,0
125083808,255665955,1,0,0,0,0,0
125172374,47428519,1,0,0,0,0,0
125172374,96724650,1,0,0,0,0,0
125387207,177520547,1,1,0,0,0,0
125503796,22785878,2,0,0,0,0,0
125528876,32045680,2,0,1,1,0,0
125528876,51319134,1,0,0,0,0,0
125528876,207449114,1,0,0,0,0,0
125528876,294576346,1,0,0,0,0,0
125528876,320288666,1,0,0,0,0,0
125682959,9599086,1,0,0,0,0,0
125813865,210492811,1,0,0,0,0,0
125838945,321735020,1,0,0,0,0,0
125980407,23127009,1,0,0,0,0,0
126057399,40521492,1,0,0,0,0,0
126057399,253274544,1,0,0,0,0,0
126057399,301400254,1,0,0,0,0,0
126057399,328615517,1,0,0,0,0,0
126057399,380753094,1,1,0,0,0,0
126075705,373509625,1,0,0,0,0,0
126168432,333028913,1,0,0,0,0,0
126288315,357430482,1,0,0,0,0,0
126343275,174501073,1,0,0,0,0,0
126343275,204713637,1,0,0,0,0,0
126468411,330498207,1,0,0,0,0,0
126653994,119779814,1,0,0,0,0,0
126676737,332846023,1,0,0,0,0,0
126885129,65484656,1,0,0,0,0,0
126920490,40254559,1,0,0,0,0,0
127138398,261185179,3,0,0,0,0,0
127138398,323892076,3,0,0,0,0,0
127257207,105011020,1,0,0,0,0,0
127321491,373113525,1,0,0,0,0,0
127364859,98809380,1,0,0,0,0,0
127428036,362077978,1,0,0,0,0,0
127451487,296360887,1,0,0,0,0,0
127499196,92286806,1,0,0,0,0,0
127515633,265618486,1,0,0,0,0,0
127536552,240026431,1,0,0,0,0,0
127546836,49872982,1,0,0,0,0,0
127665930,76141095,2,0,0,0,0,0
127808454,22261030,2,0,0,0,0,0
127871919,39622653,1,0,1,0,0,0
127877619,116886279,1,0,0,0,0,0
127877619,320958393,1,0,0,0,0,0
127919298,203053714,1,0,1,0,0,0
128033220,368246149,1,0,0,0,0,0
128033220,383903287,1,0,0,0,0,0
128051964,315996315,1,0,0,0,0,0
128066304,161495430,1,0,0,0,0,0
128066361,371847142,1,0,0,0,0,0
128136003,37239419,1,0,0,0,0,0
128150586,68026749,1,0,0,0,0,0
128152467,401104291,1,0,0,0,0,0
128187888,4640674,1,0,1,1,0,0
128187888,154752615,1,0,0,0,0,0
128222166,384615333,1,0,0,0,0,0
128369466,400124908,1,0,0,0,0,0
128407668,274235077,1,0,0,0,0,0
128612868,48101295,1,0,0,0,0,0
128760885,365100372,1,1,0,0,0,0
128912448,5781990,1,0,0,0,0,0
128912448,79447883,3,0,0,1,0,0
128912448,114709673,1,0,0,0,0,0
128912448,318038461,1,0,0,0,0,0
128912448,404449757,1,0,0,0,0,0
128991801,295820377,1,0,0,0,0,0
129000003,360632623,1,0,0,0,0,0
129020685,310925651,1,0,0,0,0,0
129316821,280849996,1,0,0,0,0,0
129334539,17718120,1,0,0,0,0,0
129580503,179625206,1,0,0,0,0,0
129662025,20239213,1,1,0,0,0,0
129662025,211226702,1,0,0,0,0,0
129662025,275049236,1,0,0,0,0,0
129662025,296437486,1,0,0,0,0,0
129684987,49829410,1,0,0,0,0,0
129687162,259398919,1,0,0,0,0,0
129711831,196115489,1,0,0,0,0,0
129817398,75459875,1,0,0,0,0,0
129936036,232402290,1,0,0,0,0,0
129938373,282713496,1,0,0,0,0,0
129970065,208056356,1,0,0,0,0,0
130074206,50791982,1,0,0,0,0,0
130127660,127259232,2,0,0,0,0,0
130127660,267480063,1,0,0,0,0,0
130215077,139363913,1,0,0,0,0,0
130215077,248693537,1,0,0,0,0,0
130215077,283289403,1,0,0,0,0,0
130335188,128401907,1,0,0,0,0,0
130352459,189898219,1,0,0,0,0,0
130384583,119775186,1,0,0,0,0,0
130405628,19108043,1,0,0,0,0,0
130422329,195724867,1,0,0,0,0,0
130507850,20781714,1,0,0,0,0,0
130512101,228312854,1,0,0,0,0,0
130512101,250714550,1,0,0,0,0,0
130562513,364477620,1,1,0,0,0,0
130646942,123348012,1,0,0,0,0,0
130791359,24911359,1,0,0,0,0,0
130832591,29857043,1,0,0,0,0,0
130891244,244133157,1,0,0,0,0,0
130900181,340804993,1,0,0,0,0,0
130904570,3651887,1,0,0,0,0,0
130908560,273777765,2,0,0,0,0,0
131157314,89242693,1,0,0,0,0,0
131743379,290782368,1,0,0,0,0,0
131771456,62263549,1,0,0,0,0,0
131771456,248269989,1,1,0,1,0,0
131808599,346193629,1,0,0,0,0,0
131904608,138063530,1,0,0,0,0,0
131918369,150144538,1,0,0,1,0,0
131918369,235378395,1,0,0,0,0,0
131918369,308689083,1,0,0,0,0,0
131936504,201419938,1,0,0,0,0,0
131975939,340228408,1,0,0,0,0,0
132014327,108846409,1,0,1,1,0,0
132064169,103548456,1,0,0,0,0,0
132064169,166627662,1,0,0,0,0,0
132084641,179298528,1,0,0,0,0,0
132236660,171665077,1,0,0,0,0,0
132236660,205465011,1,0,0,0,0,0
132236660,257360163,1,0,0,0,0,0
132236660,318985282,1,0,0,0,0,0
132236660,358628721,1,0,1,0,0,0
132252098,144702012,1,0,0,0,0,0
132325910,378721094,1,0,0,0,0,0
132533666,87082744,1,0,0,0,0,0
132533666,172553309,1,0,0,0,0,0
132533666,179724727,1,0,0,0,0,0
132541898,6719863,1,0,0,0,0,0
132541898,25280395,1,0,0,0,0,0
132541898,29049994,1,0,0,0,0,0
132541898,34789254,1,0,0,0,0,0
132541898,72840946,2,0,0,0,0,0
132541898,165893779,1,0,0,0,0,0
132541898,190890389,1,0,0,0,0,0
132541898,210364581,1,0,0,0,0,0
132541898,269943977,1,0,0,0,0,0
132541898,379415719,1,0,0,0,0,0
132558518,371947799,1,0,0,1,0,0
132658232,385410902,1,0,0,0,0,0
132755942,348165125,2,0,0,0,0,0
132847349,272245155,1,0,0,0,0,0
132894008,206437148,1,0,0,0,0,0
132953186,302727064,1,0,0,0,0,0
132989015,213032114,1,0,0,0,0,0
132989015,229551695,3,1,0,0,0,0
133055414,303584883,1,0,1,0,0,0
133084964,50654487,1,0,0,0,0,0
133084964,61452916,1,0,0,0,0,0
133084964,160399265,1,0,0,0,0,0
133149785,53500287,1,0,0,0,0,0
133192853,392305916,1,0,0,0,0,0
133373966,284420528,1,0,0,0,0,0
133381799,61496753,1,0,0,0,0,0
133561895,402824181,1,0,0,0,0,0
133588058,98619295,1,0,0,0,0,0
133604381,292871455,1,0,0,0,0,0
133642742,338954053,1,0,0,0,0,0
133768154,57326522,1,0,0,0,0,0
133780799,303405737,1,0,0,0,0,0
133861019,149912181,2,1,0,0,0,0
133933431,27582006,1,0,0,0,0,0
134015871,345365828,1,0,0,0,0,0
134053092,294141860,1,0,0,0,0,0
134080818,31619998,1,0,0,0,0,0
134080818,369875217,1,0,0,0,0,0
134222724,398813234,2,0,0,0,0,0
134241933,381895351,4,0,1,0,0,0
134249742,148190510,1,0,0,0,0,0
134255067,186856051,1,0,0,0,0,0
134255067,358690663,1,0,0,0,0,0
134255067,366820814,1,0,0,0,0,0
134255067,391158025,1,0,0,0,0,0
134356596,254157987,1,0,0,0,0,0
134445447,55059072,2,0,0,0,0,0
134458362,65736692,1,0,0,0,0,0
134463810,92692869,1,0,0,0,0,0
134545503,92711382,1,0,0,0,0,0
134545503,109064975,1,0,0,0,0,0
134579889,108492033,2,0,0,1,0,0
134593008,24981849,1,0,0,0,0,0
134593008,56216385,1,0,0,0,0,0
134595573,84706177,1,0,0,0,0,0
134673675,13017276,1,0,0,0,0,0
134859813,184023718,1,0,0,0,0,0
134859813,229700493,1,0,0,0,0,0
134859813,332176842,1,0,0,0,0,0
134880528,103730583,1,0,0,0,0,0
134890299,160779781,1,0,0,0,0,0
135035241,210985457,1,0,0,0,0,0
135041364,124774441,1,0,0,0,0,0
135081492,390018838,1,0,0,0,0,0
135200142,95920502,1,0,1,0,0,0
135201786,58524553,1,0,0,0,0,0
135292392,62010760,1,0,0,0,0,0
135497910,330025781,1,0,0,0,0,0
135516903,60035830,1,0,0,0,0,0
135539532,77075490,1,0,0,0,0,0
135539532,287451234,1,0,0,0,0,0
135567210,199920588,1,0,1,0,0,0
135803625,373473967,1,0,0,0,0,0
135809553,84276974,1,0,0,0,0,0
135809553,147324447,1,0,0,0,0,0
135809553,305695253,3,1,0,0,0,0
135833241,313446930,1,0,0,0,0,0
135961356,158398627,1,0,0,0,0,0
135961356,343390116,1,0,0,0,0,0
135961356,394800545,1,0,0,0,0,0
135986094,81300204,1,0,0,0,0,0
135986094,134063203,1,0,0,0,0,0
135986094,186821796,1,0,0,0,0,0
135986094,193345386,1,0,0,0,0,0
135986094,221988150,1,0,0,0,0,0
135986094,371050282,1,0,0,0,0,0
136031973,262335914,2,0,0,0,0,0
136036200,329337409,2,0,1,0,0,0
136088151,19793927,1,0,0,0,0,0
136174485,70578348,1,0,0,0,0,0
136174485,251471227,2,0,1,0,0,0
136246293,216463056,1,0,0,0,0,0
136298757,188354373,2,0,0,0,0,0
136457592,255250833,1,0,0,0,0,0
136508025,39253909,1,0,0,0,0,0
136575765,131322456,1,0,0,0,0,0
136622436,168997380,1,0,0,0,0,0
136628364,326429082,1,0,0,0,0,0
136652850,257848209,1,0,0,0,0,0
136673370,60940304,1,0,0,0,0,0
136673370,231443353,1,0,1,0,0,0
136864938,381880107,1,0,0,0,0,0
136948968,348872966,1,0,0,0,0,0
136964823,174250896,1,0,0,0,0,0
137092089,7433660,1,0,0,0,0,0
137092089,357920648,1,0,0,0,0,0
137348724,374289782,2,0,0,1,0,0
137349798,91127335,1,1,0,0,0,0
137349798,165700294,1,0,0,0,0,0
137359701,211557683,1,0,0,0,0,0
137445864,54614250,1,0,0,0,0,0
137534145,37039383,1,0,0,0,0,0
137783064,323733814,1,0,0,0,0,0
137783064,339526586,1,0,0,0,0,0
137856687,137319945,1,0,0,0,0,0
137880147,132444951,1,0,0,0,0,0
137905695,357751901,1,0,0,0,0,0
138090321,184139097,1,0,0,0,0,0
138283884,18282381,1,0,0,0,0,0
138322551,26588647,1,0,0,0,0,0
138485437,47593631,2,0,0,1,0,0
138589540,60067629,1,0,0,0,0,0
138589540,104975474,1,0,0,0,0,0
138589540,334273800,1,0,0,0,0,0
138604543,206882715,1,0,0,0,0,0
138679807,56365813,1,0,0,0,0,0
138754270,141710704,1,0,0,0,0,0
138754270,173071000,1,0,0,0,0,0
138792802,254833933,2,0,0,0,0,0
138796450,127663034,1,0,0,0,0,0
138796450,179558727,1,0,0,0,0,0
138821908,231151969,1,0,0,0,0,0
138821908,251473203,1,0,0,0,0,0
138988312,147589904,1,0,0,0,0,0
139007653,151080177,1,0,0,0,0,0
139007653,160924238,1,0,0,0,0,0
139014412,5542670,1,0,0,0,0,0
139065898,235016576,1,0,0,0,0,0
139076419,171960329,1,0,0,0,0,0
139119361,109795795,1,0,0,0,0,0
139834975,17035577,1,0,0,0,0,0
139887505,155417457,2,0,0,0,0,0
139887505,202887674,3,0,1,1,0,0
139887505,385016947,2,0,0,1,0,0
139903600,218200462,1,0,0,0,0,0
139915480,85854990,1,0,0,0,0,0
139919071,104202558,1,0,0,0,0,0
139940128,147435718,1,1,0,0,0,0
140015654,46131733,1,0,1,0,0,0
140015654,200303892,1,0,1,0,0,0
140015654,272102658,1,0,1,0,0,0
140015654,382711507,1,0,0,0,0,0
140123543,178734591,1,0,0,0,0,0
140123543,308352325,1,0,0,0,0,0
140291558,225450782,1,0,0,0,0,0
140318987,364085405,1,0,0,0,0,0
140318987,401595061,1,0,1,0,0,0
140321927,229958261,1,0,0,0,0,0
140321927,260139845,1,0,0,0,0,0
140342846,109861883,1,0,0,0,0,0
140342846,267683709,1,0,0,0,0,0
140391842,54367639,1,0,0,0,0,0
140391842,217453771,2,0,0,0,0,0
140450963,168438887,1,0,0,0,0,0
140557337,142737727,2,0,0,0,0,0
140557337,342894747,1,0,0,0,0,0
140612867,178449444,1,0,0,0,0,0
140612867,193420595,1,0,0,0,0,0
140612867,236836228,1,0,0,0,0,0
140675168,246654477,1,0,0,0,0,0
140716172,340020535,1,0,0,0,0,0
140734859,168353755,1,0,0,0,0,0
140763800,104915456,1,0,0,0,0,0
140942861,397262412,1,0,1,0,0,0
140943878,365319672,1,1,0,0,0,0
141137969,315082492,1,0,0,0,0,0
141231185,68120586,1,0,0,0,0,0
141339221,308490000,1,0,0,0,0,0
141339221,340448544,1,0,0,0,0,0
141339221,357154587,1,0,0,0,0,0
141456188,72455794,1,0,0,0,0,0
141461237,258798352,1,0,1,0,0,0
141519869,226941580,1,0,0,0,0,0
141531335,386305605,1,0,0,0,0,0
141624632,6673965,3,0,1,1,0,0
141816551,374217394,1,0,1,0,0,0
141881327,58147918,1,0,0,0,0,0
142229751,70859127,1,0,0,0,0,0
142229751,236848918,1,0,0,0,0,0
142352061,235338318,1,0,0,0,0,0
